<?xml version="1.0"?>
<!-- XML Import Data for ITEMS -->
<items>
  <itemdata>
    <title>SWORD</title>
    <desc>a pointy stick</desc>
    <qnt>3</qnt>
    <weight>2</weight>
  </itemdata>
  <itemdata>
    <title>SCISSORS</title>
    <desc>Designed to cut through cable</desc>
    <qnt>1</qnt>
    <weight>1</weight>
  </itemdata>
  <itemdata>
    <title>GUN</title>
    <desc>kills people</desc>
    <qnt>1</qnt>
    <weight>5</weight>
  </itemdata>
  <itemdata>
    <title>FLASHLIGHT</title>
    <desc>Gives you light</desc>
    <qnt>1</qnt>
    <weight>2</weight>
  </itemdata>
  <itemdata>
    <title>KEYS</title>
    <desc>Used to unlock areas</desc>
    <qnt>1</qnt>
    <weight>1</weight>
  </itemdata>
  <itemdata>
    <title>TAPE</title>
    <desc>Good for repairing items</desc>
    <qnt>1</qnt>
    <weight>3</weight>
  </itemdata>
  <itemdata>
    <title>SCREWDRIVER</title>
    <desc>Used to manipulate screws</desc>
    <qnt>1</qnt>
    <weight>2</weight>
  </itemdata>
</items>
