<?xml version="1.0" encoding="utf-8" ?>
<!-- XML Import Data for CHARACTER -->
<rooms>
	<roomsdata>
		<name>Cryo</name>
		<desc>Starting point, there is a flashlight in the corner</desc>
		<exits>
				<north>-1</north>
				<south>1</south>
				<east>-1</east>
				<west>-1</west>
		</exits>
	</roomsdata>
	<roomsdata>
	<name>Hallway</name>
	<desc>A dark hallway that the end is unknown, a flashlight is needed,
	scissors are on the ground in-front of you</desc>
	<exits>
			<north>0</north>
			<south>2</south>
			<east>-1</east>
			<west>-1</west>
	</exits>
</roomsdata>
<roomsdata>
	<name>Lab</name>
	<desc>An abondoned lab that scientists did experiments on people</desc>
	<exits>
			<north>1</north>
			<south>-1</south>
			<east>4</east>
			<west>3</west>
	</exits>
</roomsdata>
<roomsdata>
	<name>Bathroom</name>
	<desc>A small bathroom that has keys on the ground</desc>
	<exits>
			<north>-1</north>
			<south>-1</south>
			<east>2</east>
			<west>-1</west>
	</exits>
</roomsdata>
<roomsdata>
	<name>Hall</name>
	<desc>A long dimly lit hallway</desc>
	<exits>
			<north>-1</north>
			<south>-1</south>
			<east>5</east>
			<west>2</west>
	</exits>
</roomsdata>
<roomsdata>
	<name>Lobby</name>
	<desc>A small lobby that has no furniture</desc>
	<exits>
			<north>7</north>
			<south>6</south>
			<east>-1</east>
			<west>4</west>
	</exits>
</roomsdata>
<roomsdata>
	<name>Janitor's Closet</name>
	<desc>An old Janitor's closet with a roll of tape in the corner</desc>
	<exits>
			<north>5</north>
			<south>-1</south>
			<east>-1</east>
			<west>-1</west>
	</exits>
</roomsdata>
<roomsdata>
	<name>Electical Room</name>
	<desc>The main electrical room for the floor, that contains a screwdriver</desc>
	<exits>
			<north>8</north>
			<south>5</south>
			<east>-1</east>
			<west>-1</west>
	</exits>
</roomsdata>
<roomsdata>
	<name>Elevator Shaft</name>
	<desc>Elevator shaft that requires a key to open the doors,
	the screwdriver and tape are needed to continue</desc>
	<exits>
			<north>-1</north>
			<south>7</south>
			<east>-1</east>
			<west>-1</west>
	</exits>
</roomsdata>
</rooms>
